{
  "East Salem": [-122.97205, 44.94820],
  "West Salem": [-123.0704, 44.9502],
  "South Salem:": [-123.04723, 44.89245],
  "North Salem": [-123.02503, 44.95845],
  "Keizer": [-123.0262, 45.0002],
  "Turner": [-122.95375, 44.84526],
  "Aumsville": [-122.87032, 44.84550],
  "Stayton": [-122.79823, 44.80484],
  "Sublimity": [-122.79411, 44.83090],
  "Dallas": [-123.31800, 44.91895],
  "Monmouth": [-123.23286, 44.84840],
  "Independence": [-123.18891, 44.85156],
  "Silverton": [-122.78285, 45.00619],
  "Brooks": [-122.95721, 45.04820],
  "Woodburn": [-122.85536, 45.14414],
  "Jefferson": [-123.01011, 44.71957]
}