{
  "Grant": [-123.0197, 44.9541],
  "Highland": [-123.02851, 44.96219],
  "Northgate": [-122.99710, 44.97949],
  "Hayesville": [-122.97315, 44.98283],
  "Central Area": [-123.0352, 44.9392],
  "South Gateway": [-123.02797, 44.87763],
  "Morningside": [-123.02617, 44.89508],
  "Sunnyslope": [-123.0709, 44.8850],
  "East Landcaster": [-122.97205, 44.94820],
  "West Salem": [-123.0704, 44.9502],
  "Brush College": [-123.0780, 44.97220],
  "Keizer": [-123.0262, 45.0002],
  "Turner": [-122.95375, 44.84526],
  "Aumsville": [-122.87032, 44.84550],
  "Stayton": [-122.79823, 44.80484],
  "Sublimity": [-122.79411, 44.83090],
  "Dallas": [-123.31800, 44.91895],
  "Monmouth": [-123.23286, 44.84840],
  "Independence": [-123.18891, 44.85156],
  "Silverton": [-122.78285, 45.00619],
  "Brooks": [-122.95721, 45.04820],
  "Woodburn": [-122.85536, 45.14414]
}
